Test size,BUBBLE_SORT,SELECTION_SORT,INSERTION_SORT,MERGE_SORT,HEAP_SORT,QUICK_SORT,COUNT_SORT,BUCKET_SORT,RADIX_SORT
5,1970.98 ns,1374.44 ns,1095.02 ns,3836.26 ns,2597.76 ns,2280.54 ns,2658.1 ns,407.74 ns,626.82 ns
50,53926.22 ns,36429.08 ns,29776.02 ns,13630.74 ns,9175.24 ns,6479.24 ns,10315.54 ns,619.26 ns,400.22 ns
100,64460.72 ns,37924.32 ns,28771.62 ns,25018.58 ns,13434.22 ns,12882.96 ns,7876.44 ns,581.48 ns,611.78 ns
1000,1427265.06 ns,510844.84 ns,329545.46 ns,188820.9 ns,108146.96 ns,89592.52 ns,33899.36 ns,2605.22 ns,2476.86 ns
10000,128.04521616 ms,27.440987800000002 ms,17.275977219999998 ms,1.51485632 ms,0.9995862 ms,0.81597584 ms,0.07082682000000001 ms,0.00896374 ms,0.00856366 ms