Test size,BUBBLE_SORT,SELECTION_SORT,INSERTION_SORT,MERGE_SORT,HEAP_SORT,QUICK_SORT,COUNT_SORT,BUCKET_SORT,RADIX_SORT
5,1850.1 ns,1638.66 ns,1555.72 ns,4394.92 ns,2975.34 ns,3828.76 ns,22866.24 ns,498.4 ns,362.48 ns
50,40484.3 ns,29556.94 ns,22972.0 ns,9099.66 ns,6766.24 ns,6275.48 ns,20978.44 ns,286.96 ns,264.34 ns
100,60156.22 ns,34707.26 ns,28084.54 ns,22156.42 ns,10896.92 ns,15118.4 ns,10836.54 ns,415.46 ns,430.44 ns
1000,1362872.26 ns,657988.42 ns,365581.7 ns,234568.64 ns,137824.68 ns,89788.96 ns,44554.66 ns,3367.98 ns,2975.3 ns
10000,146.03829588 ms,34.61309242 ms,22.110815600000002 ms,1.8324551 ms,1.14534764 ms,0.8627355999999999 ms,0.06614472 ms,0.0148466 ms,0.0140006 ms